CustomerID,Name,Age,Gender,City,JoinDate,PurchaseAmount,ProductCategory,Rating
118,Kiara Kumar,53.0,Female,Chennai,2024-11-01,2625.28,Furniture,1.2
107,Unknown,43.0,Female,Varanasi,2022-08-08,2954.49,Electronics,2.6
78,Saanvi Bose,45.0,Male,Hyderabad,2024-10-20,2984.16,Electronics,3.7
93,Aditya Rao,42.0,Male,Chennai,2021-10-07,1840.34,Groceries,1.0
18,Aadhya Singh,21.0,Male,Mumbai,2024-08-14,3871.82,Groceries,1.7
81,Unknown,34.0,Male,Delhi,2022-06-16,2489.58,Electronics,2.1
63,Riya Menon,24.0,Male,Pune,2021-12-11,3439.47,Books,3.2
101,Vihaan Kumar,60.0,Female,Bengaluru,2024-10-15,2557.85,Electronics,3.0
36,Sai Kapoor,49.0,Female,Varanasi,2023-05-16,2230.89,Books,3.8
21,Sunil Kumar,57.0,Female,Bengaluru,2021-08-21,2925.87,Clothing,3.2
10,Pooja Reddy,40.0,Female,Hyderabad,2023-11-07,2352.52,Clothing,3.0
11,Aditya Verma,20.0,Female,Chennai,2022-08-18,2875.31,Books,2.8
14,Aadhya Kapoor,37.0,Male,Varanasi,2023-01-05,3352.7,Clothing,2.0
28,Anika Verma,25.0,Male,Mumbai,2024-04-27,2221.71,Books,2.8
65,Rahul Joshi,40.0,Male,Chennai,2021-07-31,2577.04,Clothing,1.8
61,Unknown,56.0,Female,Unknown,2022-04-24,1795.07,Books,3.0
9,Vivaan Nair,59.0,Male,Mumbai,2024-11-08,2274.06,Clothing,3.5
57,Aadhya Kapoor,40.0,Female,Kolkata,2022-08-01,3210.71,Electronics,3.0
60,Sneha Patel,58.0,Female,Varanasi,2024-11-13,3486.88,Furniture,3.8
99,Aditya Joshi,39.0,Male,Kolkata,2023-04-16,2126.92,Groceries,3.0
68,Kabir Shetty,25.0,Female,Hyderabad,2023-11-19,3595.36,Books,4.1
46,Myra Sharma,59.0,Male,Delhi,2022-12-19,2810.97,Furniture,2.4
42,Priya Verma,28.0,Not Identified,Kolkata,2022-12-08,2294.04,Books,2.3
80,Anika Verma,52.0,Male,Kolkata,2024-03-28,1728.56,Books,4.1
54,Arjun Joshi,55.0,Male,Varanasi,2022-10-10,3176.74,Groceries,2.5
98,Kiara Bose,42.0,Female,Kolkata,2021-09-10,1729.66,Books,1.6
75,Pooja Kumar,39.0,Female,Mumbai,2021-04-16,2577.04,Clothing,4.9
31,Arjun Das,39.0,Female,Hyderabad,2024-11-03,2435.19,Books,1.5
114,Aadhya Singh,40.0,Male,Pune,2021-11-09,2262.93,Electronics,4.4
115,Myra Pillai,22.0,Male,Chennai,2021-01-08,1665.76,Clothing,3.0
47,Kiara Chopra,32.0,Female,Mumbai,2022-01-04,2065.19,Furniture,3.2
13,Unknown,31.0,Male,Delhi,2022-12-08,1959.77,Furniture,3.0
83,Neha Kumar,58.0,Male,Pune,2024-12-26,2385.16,Books,3.2
104,Kiara Nair,33.0,Male,Kolkata,2022-04-12,4159.07,Clothing,4.9
6,Ishaan Iyer,40.0,Female,Kolkata,2024-03-02,2356.44,Clothing,1.7
16,Saanvi Joshi,34.0,Female,Hyderabad,2023-04-02,2835.81,Clothing,2.0
103,Kabir Menon,56.0,Male,Delhi,2022-02-27,4650.13,Groceries,3.5
43,Riya Mehta,45.0,Not Identified,Mumbai,2022-11-18,3151.67,Electronics,2.1
111,Karan Das,56.0,Female,Chennai,2021-01-28,1791.16,Books,3.9
102,Divya Mehta,40.0,Female,Kolkata,2022-12-08,1530.03,Books,4.9
59,Aadhya Rao,20.0,Male,Hyderabad,2023-02-15,2017.46,Groceries,1.4
124,Arjun Iyer,40.0,Female,Bengaluru,2024-12-15,1664.05,Groceries,3.8
100,Rahul Pillai,23.0,Female,Mumbai,2022-10-19,2572.18,Books,2.2
48,Unknown,29.0,Female,Delhi,2022-01-25,1987.15,Other,2.0
94,Vikram Verma,53.0,Female,Mumbai,2022-01-25,2675.81,Furniture,4.2
41,Priya Das,23.0,Female,Kolkata,2022-12-19,1165.82,Groceries,2.7
53,Vikram Singh,43.0,Male,Varanasi,2024-05-28,3528.54,Clothing,2.0
33,Myra Kapoor,22.0,Male,Delhi,2021-01-30,3845.89,Clothing,3.0
7,Karan Gupta,38.0,Male,Varanasi,2024-07-02,3816.14,Books,3.0
123,Unknown,31.0,Male,Delhi,2022-12-08,1959.77,Furniture,3.0
71,Aadhya Shetty,40.0,Female,Chennai,2024-05-18,1427.83,Electronics,3.8
34,Diya Kumar,26.0,Not Identified,Chennai,2023-04-21,2804.36,Clothing,3.8
51,Kabir Bose,40.0,Male,Kolkata,2021-03-10,2929.98,Books,2.0
66,Rohan Iyer,40.0,Male,Unknown,2022-11-27,2637.18,Clothing,2.4
56,Karan Nair,50.0,Female,Chennai,2024-10-12,4471.41,Groceries,1.6
50,Kiara Mehta,19.0,Male,Varanasi,2022-02-08,2911.67,Books,3.0
82,Arjun Kapoor,23.0,Not Identified,Delhi,2022-05-02,2671.54,Other,2.5
92,Vihaan Nair,43.0,Male,Hyderabad,2023-12-07,4101.03,Books,4.2
49,Manish Mehta,40.0,Male,Mumbai,2021-06-21,1817.51,Groceries,5.0
112,Riya Kumar,20.0,Male,Varanasi,2023-02-18,4231.26,Clothing,2.0
62,Diya Gupta,47.0,Male,Kolkata,2022-10-25,2210.14,Electronics,3.8
87,Ishaan Iyer,35.0,Male,Varanasi,2021-05-14,3139.1,Electronics,3.8
91,Vihaan Nair,34.0,Male,Mumbai,2021-01-24,2904.8,Books,2.2
44,Diya Mehta,44.0,Male,Varanasi,2021-04-15,2269.81,Books,2.7
35,Arjun Reddy,43.0,Female,Chennai,2024-05-25,2578.34,Electronics,2.3
85,Vivaan Joshi,40.0,Male,Pune,2023-06-11,2304.29,Books,1.8
12,Sai Kapoor,35.0,Male,Delhi,2021-12-31,3249.22,Groceries,4.8
72,Karan Pillai,50.0,Male,Kolkata,2023-12-18,2577.04,Groceries,3.0
89,Rahul Kumar,40.0,Female,Varanasi,2023-06-08,1467.05,Books,2.0
95,Sunil Kapoor,18.0,Female,Bengaluru,2022-10-11,2351.22,Electronics,1.2
40,Pooja Patel,62.0,Male,Kolkata,2023-03-19,2048.42,Groceries,0.0
38,Divya Shetty,53.0,Male,Delhi,2024-03-03,1154.45,Clothing,4.8
109,Ananya Shetty,49.0,Male,Delhi,2021-08-26,4088.91,Furniture,3.6
20,Sneha Chopra,25.0,Female,Bengaluru,2022-08-17,3293.58,Electronics,3.3
119,Karan Malhotra,48.0,Male,Mumbai,2024-10-24,5368.33,Clothing,3.7
105,Arjun Kumar,40.0,Male,Mumbai,2022-03-09,3443.22,Electronics,2.1
45,Rahul Mehta,30.0,Male,Kolkata,2023-12-09,110.34,Groceries,3.0
32,Sneha Rao,31.0,Male,Delhi,2022-05-08,2577.04,Furniture,4.4
96,Vivaan Chopra,40.0,Female,Delhi,2021-12-11,1881.54,Books,3.0
67,Saanvi Menon,33.0,Female,Delhi,2022-10-10,3055.88,Electronics,1.3
27,Diya Das,59.0,Male,Varanasi,2024-03-20,99999.99,Other,4.5
52,Meera Malhotra,19.0,Female,Delhi,2024-11-10,2266.87,Furniture,3.1
39,Aadhya Nair,24.0,Female,Hyderabad,2022-12-08,1772.36,Books,4.7
5,Diya Joshi,39.0,Female,Chennai,2022-08-01,2571.85,Groceries,4.8
23,Arjun Pillai,62.0,Female,Kolkata,2024-06-08,2791.68,Electronics,1.3
70,Aditya Kapoor,63.0,Male,Unknown,2024-08-30,1857.08,Books,3.2
88,Sneha Rao,40.0,Female,Pune,2023-11-10,2583.23,Groceries,1.3
22,Arjun Verma,41.0,Female,Varanasi,2022-05-28,3093.27,Clothing,2.4
55,Divya Sharma,51.0,Female,Delhi,2023-06-09,3028.17,Furniture,1.4
76,Riya Sharma,62.0,Female,Hyderabad,2024-10-15,1765.77,Furniture,2.9
37,Vikram Nair,54.0,Female,Varanasi,2022-01-13,2019.03,Books,4.0
79,Anika Menon,50.0,Not Identified,Hyderabad,2021-04-19,3063.1,Furniture,2.1
24,Myra Verma,40.0,Female,Chennai,2022-04-22,2153.43,Groceries,2.7
117,Unknown,40.0,Female,Delhi,2023-07-26,2121.96,Groceries,4.8
2,Riya Nair,38.0,Female,Delhi,2022-05-18,2963.89,Groceries,1.6
108,Rohan Reddy,40.0,Not Identified,Pune,2022-06-18,3279.18,Groceries,2.8
116,Manish Patel,56.0,Male,Varanasi,2023-11-22,2446.43,Groceries,3.0
74,Kiara Shetty,50.0,Female,Mumbai,2021-10-26,1838.91,Groceries,3.2
113,Unknown,33.0,Female,Chennai,2024-09-26,1888.0,Groceries,1.4
17,Aditya Pillai,57.0,Male,Hyderabad,2023-02-12,2097.93,Groceries,1.8
58,Meera Verma,53.0,Female,Kolkata,2024-08-11,2888.34,Clothing,3.0
3,Rahul Verma,40.0,Female,Pune,2021-12-06,2414.84,Groceries,3.0
26,Anika Rao,50.0,Male,Varanasi,2021-08-04,3298.97,Books,3.4
1,Priya Singh,40.0,Male,Kolkata,2023-03-31,2004.79,Electronics,4.1
121,Rahul Mehta,30.0,Male,Kolkata,2023-12-09,110.34,Groceries,3.0
19,Aditya Kapoor,35.0,Female,Unknown,2021-08-06,2696.77,Furniture,4.7
77,Sneha Chopra,25.0,Female,Mumbai,2021-04-22,3588.44,Furniture,3.0
106,Sneha Joshi,45.0,Female,Chennai,2021-12-18,1934.29,Other,4.0
64,Sai Chopra,19.0,Female,Hyderabad,2022-12-08,2973.8,Clothing,5.0
84,Aditya Kapoor,40.0,Male,Unknown,2024-01-31,2807.43,Furniture,4.9
97,Vihaan Malhotra,51.0,Female,Bengaluru,2021-06-15,2648.52,Furniture,1.1
86,Diya Pillai,50.0,Female,Varanasi,2022-12-08,2072.27,Furniture,2.3
90,Sai Mehta,40.0,Female,Chennai,2022-09-19,3750.64,Electronics,4.5
29,Anika Patel,50.0,Female,Kolkata,2024-07-27,2340.04,Furniture,2.3
122,Arjun Das,39.0,Female,Hyderabad,2024-11-03,2435.19,Books,1.5
110,Sunil Mehta,18.0,Female,Varanasi,2023-10-02,2864.48,Groceries,4.8
15,Reyansh Verma,24.0,Male,Bengaluru,2023-08-18,3517.21,Furniture,1.7
8,Saanvi Patel,42.0,Male,Kolkata,2024-03-23,3884.84,Clothing,2.2
25,Rohan Kumar,18.0,Male,Pune,2022-12-08,3023.91,Books,3.9
73,Aditya Bose,37.0,Female,Hyderabad,2022-10-09,3708.85,Groceries,3.9
69,Riya Rao,57.0,Female,Varanasi,2021-05-14,2763.77,Groceries,1.0
4,Arjun Iyer,40.0,Female,Bengaluru,2024-12-15,1664.05,Groceries,3.8
120,Meera Menon,33.0,Not Identified,Hyderabad,2022-03-31,2575.75,Electronics,1.3
30,Ishaan Kumar,52.0,Female,Chennai,2023-10-13,2130.66,Groceries,3.4
